song,artist
Still Life,BIGBANG
Tomboy,(G)I-DLE
Feel My Rhythm,Red Velvet
Love Dive,IVE
Ganadara,Jay Park Featuring IU
Invu,TAEYEON
Traffic Light,Lee Mujin
DrunKen Confession,Kim Minseok
Run2u,STAYC
Eleven,IVE
Strawberry Moon,IU
Smiley,Yena Featuring Bibi
Real Love,OH MY GIRL
Cherry Blossom Ending,Busker Busker
Drama,IU
Next Level,aespa
Do You Want To Hear,MSG WANNABE (M.O.M)
Lilac,IU
Weekend,TAEYEON
Love Always Run Away,Lim Young Woong
Your Existence,Wonstein
Every Moment Of You,Sung Si-Kyung
Permission To Dance,BTS
Limousine,BE'O Feat. MINO Prod. GRAY
Dynamite,BTS
Butter,BTS
When it snows,Lee Mujin Feat. Heize
Nakka,AKMU With IU
Step Back,GOT The Beat
Celebrity,IU
My Bag,(G)I-DLE
Shiny Star (2020),KyoungSeo
Go Back,MeloMance
Blueming,IU
Dreams Come True,aespa
Your Shampoo Scent In The Flowers,Jang Beom June
Through The Night,IU
Starlight,TAEIL
Spring Day,BTS
Foolish Love,M.O.M
Like Yesterday,Paul Kim